United Arab Emirates,20.2095,RED
Australia,15.6656,RED
Austria,7.30384,ORANGE
Belgium,8.23916,ORANGE
Bahrain,20.7734,RED
Canada,15.539,RED
China,7.31722,ORANGE
Czech Republic,9.43098,ORANGE
Germany,8.69328,ORANGE
Finland,7.87928,ORANGE
Ireland,7.7773,ORANGE
Iran,7.68421,ORANGE
Israel,7.36435,ORANGE
Japan,8.98146,ORANGE
Kazakhstan,11.4874,RED
Korea,12.0329,RED
Kuwait,22.5653,RED
Libya,8.2172,ORANGE
Luxembourg,15.3927,RED
Malaysia,7.70022,ORANGE
Netherlands,8.98292,ORANGE
Norway,7.19249,ORANGE
Oman,15.7779,RED
Poland,7.94633,ORANGE
Russian Federation,11.2537,RED
Saudi Arabia,16.4672,RED
Singapore,8.37967,ORANGE
Turkmenistan,12.7179,RED
Trinidad and Tobago,13.4317,RED
United States,15.0858,RED
South Africa,7.57975,ORANGE
